store,category,code,headline,description,how_to_redeem,expiry,terms,verified_note,source_url,code_type,slug_suggestion
Goibibo,travel,MEGASALE,Up to ₹1500 off domestic hotels,"Flat instant discount on domestic hotel bookings by booking value: 500 rupees off on 2000–3000, 750 off on 3000–4000, 1000 off on 4000–6000, 1500 off on 6000 and above. Valid on website, mobile site and the Android/iOS apps.","1. Search and select a domestic hotel on Goibibo.
2. Apply code MEGASALE at checkout.
3. Discount is applied by booking value.",Check at checkout,Domestic hotels only; min booking 2000 rupees; Goibibo T&Cs apply.,✓ Official Goibibo offer page (checked 3 Oct 2026),https://www.goibibo.com/offers/mega-sale,code,goibibo-megasale
Goibibo,travel,FREESTAY,1 night free on 12-night domestic hotel stays,Get 1 night free when you book 12 nights at select domestic hotels on Goibibo.,"1. Book a 12-night stay at a participating domestic hotel on Goibibo.
2. Apply code FREESTAY at checkout.",Check at checkout,Select domestic hotels only; Goibibo T&Cs apply.,✓ Official Goibibo offer page (checked 3 Oct 2026),https://www.goibibo.com/offers/free-stay,code,goibibo-freestay
Goibibo,travel,GOIBIBO,New-user discount on first domestic hotel booking,"Discount on your first domestic hotel booking on Goibibo, calculated on the property's base (pre-tax) price. Valid on select hotels, hostels, villas and apartments.","1. Sign up / log in to Goibibo as a new user.
2. Select a domestic hotel and apply code GOIBIBO at checkout.",Check at checkout,First hotel booking only; select properties; cannot be combined with other offers; goCash not usable with this offer.,✓ Official Goibibo offer page (checked 3 Oct 2026),https://www.goibibo.com/offers/new-user-common-dh,code,goibibo-goibibo-new-user-hotel
Pizza Hut,food,,Buy 1 Get 3 Free: Breadstix + Fries + Pepsi free with a pizza (no code),"Order a Medium Pan or Thin 'n Crispy pizza and get Classic Breadstix, Cheezy Sprinkled Fries and a Pepsi free. No code needed.","1. Open pizzahut.co.in or the Pizza Hut app.
2. Choose the Buy 1 Get 3 Free deal and pick your Medium / Thin 'n Crispy pizza.
3. The free items are added automatically.",Check at checkout,Menu and availability vary by outlet; Pizza Hut T&Cs apply.,✓ Official Pizza Hut deal page (checked 3 Oct 2026),https://www.pizzahut.co.in/menu/deals/buy-1-get-3-free1,no_code,pizza-hut-buy-1-get-3-free
boAt,shopping,,Extra ₹100 off selected festive products (no code),Extra 100 rupees off on selected boAt products in the festive collection. Applied automatically on marked products.,"1. Open the boAt festive collection on boat-lifestyle.com.
2. Add products marked with the extra 100 off badge.
3. Discount applies automatically at checkout.",Check at checkout,Selected products only; boAt T&Cs apply.,✓ Official boAt festive collection page (checked 3 Oct 2026),https://www.boat-lifestyle.com/collections/festive-100,no_code,boat-festive-extra-100
