store,category,code,headline,description,how_to_redeem,expiry,terms,verified_note,source_url,code_type,slug_suggestion,merchant_home
ixigo,travel,FEST,Up to 20% off flights in the ixigo Festive Sale,ixigo's Festive Sale code gives up to 20% off flight bookings on the ixigo app or website. The sale runs till 9 Nov 2026.,"1. Open the ixigo app or website and search for a flight
2. Select your flight
3. Apply code FEST
4. Complete the payment",9 Nov 2026,"Up to 20% off; offer void on full cancellation; ixigo T&C mention international flight bookings, so check the discount at checkout",✓ Official ixigo offer page (checked 4 Oct 2026),https://www.ixigo.com/offers/festive-sale-sep,code,ixigo-fest-festive-sale-flights,https://www.ixigo.com
ixigo,travel,IXIAUD,Flat 12% off domestic flights with AU Bank credit cards (Sundays),Get flat 12% off up to 1000 rupees on domestic flights on ixigo when you pay with an eligible AU Small Finance Bank credit card. Valid on Sundays only.,"1. Log in to ixigo and search for a domestic flight
2. Apply code IXIAUD at booking
3. Pay with an eligible AU Bank credit card",31 Dec 2026,"Sundays only; max 1000 rupees off; minimum booking 5000 rupees; AU Bank credit cards only (not debit, EMI or net banking); login required; not combinable",✓ Official ixigo offer page (checked 4 Oct 2026),https://www.ixigo.com/offers/aufullswipe,code,ixigo-ixiaud-au-bank-domestic-flights-12,https://www.ixigo.com
ixigo,travel,IDFCEMI3,Up to ₹2500 off domestic flights with IDFC FIRST credit card 3-month EMI,"On ixigo, pay for a domestic flight with an IDFC FIRST Bank credit card on 3-month interest-free EMI to get 750 to 2500 rupees off, depending on the booking value.","1. Log in to ixigo and search for a domestic flight
2. Apply code IDFCEMI3 at booking
3. Pay with an IDFC FIRST Bank credit card on 3-month interest-free EMI",31 Dec 2026,"Minimum 5000 rupees; 750 off (5000-9999), 1000 off (10000-24999), 1500 off (25000-49999), 2500 off (50000+); EMI only, not full card payment; 1 booking per card per month; login required",✓ Official ixigo offer page (checked 4 Oct 2026),https://www.ixigo.com/offers/idfc-flights-dom-emi,code,ixigo-idfcemi3-idfc-emi-domestic-flights,https://www.ixigo.com
ixigo,travel,IDFCEMI6,Up to ₹5000 off domestic flights with IDFC FIRST credit card 6-month EMI,"On ixigo, pay for a domestic flight with an IDFC FIRST Bank credit card on 6-month interest-free EMI to get 750 to 5000 rupees off, depending on the booking value.","1. Log in to ixigo and search for a domestic flight
2. Apply code IDFCEMI6 at booking
3. Pay with an IDFC FIRST Bank credit card on 6-month interest-free EMI",31 Dec 2026,"Minimum 5000 rupees; 750 off (5000-9999), 1200 off (10000-24999), 2000 off (25000-49999), 5000 off (50000+); EMI only, not full card payment; 1 booking per card per month; login required",✓ Official ixigo offer page (checked 4 Oct 2026),https://www.ixigo.com/offers/idfc-flights-dom-emi,code,ixigo-idfcemi6-idfc-emi-domestic-flights,https://www.ixigo.com
ixigo,travel,FLAT80,Flat 80% off hotels (up to ₹300) for select users,ixigo's FLAT80 code gives 80% off up to 300 rupees on Pay Now hotel bookings for select users on select properties.,"1. Log in to ixigo and search for a hotel
2. Choose a Pay Now rate
3. Apply code FLAT80 at booking",Check at checkout,"Max 300 rupees off; Pay Now bookings only; select users and select properties; long-stay bookings only; domestic and international hotels; not combinable",✓ Official ixigo offer page (checked 4 Oct 2026),https://www.ixigo.com/offers/flat80_hotels,code,ixigo-flat80-hotels,https://www.ixigo.com
redBus,travel,FIRST,10% off up to ₹250 + wallet credit on first bus booking,New redBus users get 10% off up to 250 rupees plus 10% cashback up to 250 rupees on their first bus ticket booking.,"1. Log in to redBus and verify your mobile number with OTP
2. Search and select a bus
3. Apply code FIRST at checkout",Check at checkout,"First-time users only; minimum ticket 200 rupees; once per email/mobile; cashback credited to redBus wallet within 48 working hours after journey, valid 6 months",✓ Official redBus offers page (checked 4 Oct 2026),https://www.redbus.in/offers,code,redbus-first-new-user-250,
redBus,travel,IDFC500,10% off up to ₹500 on bus tickets with IDFC FIRST credit cards (weekends),Get 10% off up to 500 rupees on redBus bus tickets paid with an IDFC FIRST Bank credit card on Saturdays and Sundays.,"1. Log in to redBus and verify your mobile number with OTP
2. Choose a non-RTC bus
3. Apply code IDFC500 and pay with an IDFC FIRST Bank credit card",Check at checkout,"Saturdays and Sundays only; base fare 1000 rupees; not valid on RTC operators; once per email/mobile during the offer period",✓ Official redBus offers page (checked 4 Oct 2026),https://www.redbus.in/offers,code,redbus-idfc500-idfc-credit-card,
redBus,travel,KSRTC,10% off up to ₹150 + ₹150 wallet credit on Kerala KSRTC buses,First-time redBus users on KSRTC (Kerala) buses get 10% off up to 150 rupees plus 150 rupees cashback.,"1. Log in to redBus and verify your mobile number with OTP
2. Select a KSRTC (Kerala) bus
3. Apply code KSRTC at checkout",Check at checkout,"First-time users on KSRTC (Kerala) only; once per email/mobile; cashback credited to redBus wallet within 48 working hours after journey, valid 6 months",✓ Official redBus offers page (checked 4 Oct 2026),https://www.redbus.in/offers,code,redbus-ksrtc-kerala-first,
redBus,travel,TGSRTC,10% off up to ₹150 + ₹150 wallet credit on TGSRTC buses,First-time redBus users get 10% off up to 150 rupees plus flat 150 rupees cashback on Telangana TGSRTC bus services.,"1. Log in to redBus and verify your mobile number with OTP
2. Select a TGSRTC bus
3. Apply code TGSRTC at checkout",Check at checkout,"First-time users only; TGSRTC services only; once per email/mobile; cashback credited to redBus wallet within 48 working hours after journey, valid 6 months",✓ Official redBus offers page (checked 4 Oct 2026),https://www.redbus.in/offers,code,redbus-tgsrtc-first,
redBus,travel,UPSRTC,10% off up to ₹150 + ₹150 wallet credit on UPSRTC buses,First-time redBus users on UPSRTC buses get 10% off up to 150 rupees plus 150 rupees cashback.,"1. Log in to redBus and verify your mobile number with OTP
2. Select a UPSRTC bus
3. Apply code UPSRTC at checkout",Check at checkout,"First-time users on UPSRTC only; once per email/mobile; cashback credited to redBus wallet within 48 working hours after journey, valid 6 months",✓ Official redBus offers page (checked 4 Oct 2026),https://www.redbus.in/offers,code,redbus-upsrtc-first,
redBus,travel,GSRTC,10% off up to ₹150 + ₹150 wallet credit on GSRTC buses,First-time redBus users get 10% off up to 150 rupees plus 150 rupees cashback on Gujarat GSRTC bus tickets.,"1. Log in to redBus and verify your mobile number with OTP
2. Select a GSRTC bus
3. Apply code GSRTC at checkout",Check at checkout,"First-time users only; GSRTC buses only; once per email/mobile; cashback credited to redBus wallet within 48 working hours after journey, valid 6 months",✓ Official redBus offers page (checked 4 Oct 2026),https://www.redbus.in/offers,code,redbus-gsrtc-first,
redBus,travel,OSRTC,10% off up to ₹150 + ₹150 wallet credit on OSRTC buses,First-time redBus users on Odisha OSRTC buses get 10% off up to 150 rupees plus 150 rupees cashback.,"1. Log in to redBus and verify your mobile number with OTP
2. Select an OSRTC bus
3. Apply code OSRTC at checkout",Check at checkout,"First-time users on OSRTC only; minimum ticket 200 rupees; once per email/mobile; cashback credited to redBus wallet within 48 working hours after journey, valid 6 months",✓ Official redBus offers page (checked 4 Oct 2026),https://www.redbus.in/offers,code,redbus-osrtc-first,
